{"t_air_average_radius": 236.02067600157704, "green_area_cooling_distance": 89.21035404219418, "cc_weight_shade": 0.590137125229056, "cc_weight_albedo": 0.2419836577344275, "cc_weight_eti": 0.16787921703651637}
